id,timestamp purchase,user_id,SKU,kategori,jumlah,harga,total harga
479hf,2023-05-14 19:01:59,83683,lilin,aksesoris rumah,1,"4,000","4,000"
389w,2023-01-28 09:54:35,12622,pisau,alat dapur,1,"432,000","432,000"
633bq,2023-02-07 01:44:32,12622,raket tenis,olahraga,1,"4,000,000","4,000,000"
134g,2023-01-26 06:21:45,16054,wajan anti lengket,alat dapur,1,"500,000","500,000"
122j,2023-01-27 00:20:22,17762,pisau,alat dapur,1,"432,000","432,000"
426d,2023-01-26 10:54:06,18300,wajan anti lengket,alat dapur,1,"500,000","500,000"
442t,2023-01-30 02:50:51,19273,wajan anti lengket,alat dapur,1,"500,000","500,000"
262d,2023-01-17 20:19:59,25598,panci,alat dapur,1,"250,000","250,000"
104x,2023-02-24 05:48:53,28432,talenan,alat dapur,1,"60,000","60,000"
230j,2023-03-05 11:10:42,48985,kecap manis botol,bumbu dapur,1,"20,000","20,000"
258q,2023-02-25 01:02:03,29585,wajan anti lengket,alat dapur,1,"500,000","500,000"
418q,2023-02-16 11:50:41,32671,talenan,alat dapur,1,"60,000","60,000"
295n,2023-02-27 19:08:09,33238,mesin cincang daging,alat dapur,1,"450,000","450,000"
124w,2023-02-24 04:55:53,34261,panci,alat dapur,1,"250,000","250,000"
155j,2023-02-29 05:42:45,34674,wajan anti lengket,alat dapur,1,"500,000","500,000"
296m,2023-02-04 06:03:32,35724,wajan anti lengket,alat dapur,1,"500,000","500,000"
459q,2023-02-30 12:08:53,37356,talenan,alat dapur,1,"60,000","60,000"
363i,2023-03-01 13:10:02,48757,blender portable,alat dapur,1,"1,564,000","1,564,000"
126g,2023-03-16 11:20:47,50929,pisau,alat dapur,1,"432,000","432,000"
246A,2023-03-29 06:38:51,52950,talenan,alat dapur,1,"60,000","60,000"
191n,2023-03-12 22:06:24,55250,blender portable,alat dapur,1,"1,564,000","1,564,000"
488t,2023-03-11 14:12:19,58230,panci,alat dapur,1,"250,000","250,000"
259a,2023-03-19 22:50:09,59679,pisau,alat dapur,1,"432,000","432,000"
125fs,2023-03-21 23:11:45,60301,panci kukus,alat dapur,1,"500,000","500,000"
111h,2023-03-06 21:14:42,60596,spatula,alat dapur,1,"90,000","90,000"
226l,2023-03-25 07:10:53,62014,mesin cincang daging,alat dapur,1,"450,000","450,000"
452sf,2023-03-07 04:41:60,62181,talenan,alat dapur,1,,0
264c,2023-03-10 20:30:37,63154,pisau,alat dapur,1,"432,000","432,000"
137m,2023-03-14 09:31:56,63253,panci,alat dapur,1,"250,000","250,000"
426j,2023-04-20 13:60:26,65195,pisau,alat dapur,1,"432,000","432,000"
294uj,2023-02-29 18:42:27,39268,bor tangan portable,perkakas,1,"2,500,000","2,500,000"
499rt,2023-04-07 11:11:49,66020,bumbu pecel,alat dapur,1,"6,000","6,000"
312sd,2023-04-09 03:24:12,69769,panci,alat dapur,1,"250,000","250,000"
473d,2023-04-11 23:31:46,69769,wajan anti lengket,alat dapur,1,"500,000","500,000"
500k,2023-04-07 24:28:56,70495,panci,alat dapur,1,"250,000","250,000"
210hj,2023-04-16 01:30:50,73349,talenan,alat dapur,1,"60,000","60,000"
441jj,2023-04-25 06:12:33,74444,spatula,alat dapur,1,"90,000","90,000"
451g,2023-04-01 01:16:11,74655,panci,alat dapur,1,"250,000","250,000"
293n,2023-04-24 06:15:10,78097,wajan anti lengket,alat dapur,1,"500,000","500,000"
176pw,2023-05-12 12:41:37,81395,talenan,dapur,1,"60,000","60,000"
320pw,2023-01-08 16:03:44,81395,pisau,dapur,1,"432,000","432,000"
899pw,2023-02-07 23:20:50,81395,chili oil botol,makanan,1,"50,000","50,000"
503pw,2023-03-27 11:56:59,81395,minyak goreng,sembako,1,"80,000","80,000"
492pw,2023-04-19 21:12:34,81395,olive oil,makanan,1,"80,000","80,000"
318sf,2023-05-22 09:17:53,81395,bumbu nasi goreng,alat dapur,1,"7,000","7,000"
270sf,2023-05-07 14:33:01,81432,talenan,alat dapur,1,"60,000","60,000"
360h,2023-05-29 23:59:47,83128,blender portable,alat dapur,1,"1,564,000","1,564,000"
384n,2023-05-17 07:56:19,83313,panci,alat dapur,1,"250,000","250,000"
104fs,2023-05-04 04:35:04,84013,mesin cincang daging,alat dapur,1,"450,000","450,000"
461j,2023-05-22 10:52:53,87153,kompor gas,alat dapur,1,"600,000","600,000"
267hh,2023-05-21 09:14:12,87847,pisau,alat dapur,1,"432,000","432,000"
243Au,2023-05-10 03:57:41,88658,panci kukus,alat dapur,1,"500,000","500,000"
426sa,2023-01-15 24:34:08,14778,semen,bahan bangunan,1,"60,000","60,000"
228hh,2023-01-28 06:01:45,22830,asus zenbook i3,gadget & aksesoris,3,"6,900,000","20,700,000"
344d,2023-01-21 00:14:55,20285,keramik granit lantai rumah,bahan bangunan,1,"400,000","400,000"
368df,2023-04-23 18:15:08,74744,boneka barbie,mainan anak,1,"100,000","100,000"
391h,2023-04-16 06:25:02,65751,kompor gas,alat dapur,1,"600,000","600,000"
357j,2023-02-14 08:05:59,43271,macbook pro m1,gadget & aksesoris,1,,0
192s,2023-02-13 12:56:13,27181,keramik granit lantai rumah,bahan bangunan,1,"400,000","400,000"
106am,2023-05-10 19:32:25,6734,raket tenis,olahraga,4,"4,000,000","16,000,000"
381y,2023-02-03 07:35:36,31537,pintu alumunium,bahan bangunan,1,"1,700,000","1,700,000"
425g,2023-02-12 24:53:24,42242,semen,bahan bangunan,1,"60,000","60,000"
477df,2023-03-06 08:35:60,45731,semen,bahan bangunan,1,"60,000","60,000"
292d,2023-01-29 20:19:56,24420,olive oil,makanan,1,"80,000","80,000"
248t,2023-03-30 21:24:49,54069,pintu alumunium,bahan bangunan,1,"1,700,000","1,700,000"
330jj,2023-03-16 00:35:11,54458,semen,bahan bangunan,1,"60,000","60,000"
100x,2023-04-30 16:44:45,69706,semen,bahan bangunan,1,"60,000","60,000"
285t,2023-04-23 14:34:27,71187,semen,bahan bangunan,1,"60,000","60,000"
472Au,2023-05-29 07:05:34,84702,pintu alumunium,bahan bangunan,1,"1,700,000","1,700,000"
189b,2023-03-20 09:54:18,55829,gula tropicana slim,bahan makanan,1,"30,000","30,000"
114h,2023-04-16 18:18:51,73902,gula tropicana slim,bahan makanan,1,"30,000","30,000"
344xz,2023-01-24 09:04:05,12259,pasir kucing,binatang peliharaan,1,"30,000","30,000"
988bo,2023-02-17 20:31:35,12259,sereh,bumbu dapur,1,"11,000","11,000"
238h,2023-01-14 16:33:53,18124,pasir kucing,binatang peliharaan,1,"30,000","30,000"
479d,2023-01-07 13:54:20,20441,makanan kucing,binatang peliharaan,1,"45,000","45,000"
100ds,2023-02-27 10:28:20,28216,pasir kucing,binatang peliharaan,1,"30,000","30,000"
159sd,2023-04-01 03:30:01,74251,chili oil botol,makanan,1,"50,000","50,000"
411s,2023-02-28 07:15:22,35153,pasir kucing,binatang peliharaan,1,"30,000","30,000"
114g,2023-02-13 02:35:43,36693,ikan hias,binatang peliharaan,1,"4,000","4,000"
447z,2023-02-27 18:01:43,43297,makanan kucing,binatang peliharaan,1,"45,000","45,000"
260d,2023-02-21 03:43:11,43829,makanan kucing,binatang peliharaan,1,"45,000","45,000"
387h,2023-03-24 09:26:46,47183,pasir kucing,binatang peliharaan,1,"30,000","30,000"
269j,2023-03-30 03:47:01,57582,nitendo wii,gadget & aksesoris,1,"3,000,000","3,000,000"
744bq,2023-04-01 13:32:44,12105,galaxy tab,gadget & aksesoris,1,"5,000,000","5,000,000"
418d,2023-04-24 08:49:08,74212,ikan hias,binatang peliharaan,1,"4,000","4,000"
268mn,2023-05-25 06:28:20,85029,makanan kucing,binatang peliharaan,1,"45,000","45,000"
190sfs,2023-05-07 14:48:53,89957,makanan kucing,binatang peliharaan,1,"45,000","45,000"
379rt,2023-01-17 23:60:40,14953,sereh,bumbu dapur,1,"11,000","11,000"
192zl,2023-05-06 22:08:42,1388,raket tenis,olahraga,6,"4,000,000","24,000,000"
175tyy,2023-01-22 11:51:27,16876,sereh,bumbu dapur,1,"11,000","11,000"
393Au,2023-01-09 05:09:05,18330,sereh,bumbu dapur,1,"11,000","11,000"
150h,2023-01-30 15:47:20,22048,kecap manis botol,bumbu dapur,1,"20,000","20,000"
315sfs,2023-01-03 04:46:20,24035,kecap asin botol,bumbu dapur,1,"30,000","30,000"
394d,2023-02-27 01:34:33,43056,kunyit,bumbu dapur,1,"12,000","12,000"
182d,2023-03-06 14:55:47,46879,sereh,bumbu dapur,1,"11,000","11,000"
155fg,2023-04-22 18:23:28,72686,batu hiasan,dekorasi rumah,1,"40,000","40,000"
157yl,2023-03-22 20:56:15,28432,telur omega 3,makanan,1,"100,000","100,000"
413sf,2023-03-29 01:18:12,47358,kunyit,bumbu dapur,1,"12,000","12,000"
795yl,2023-02-25 09:29:59,14778,mangga,makanan,1,"80,000","80,000"
124u,2023-04-20 18:32:15,69242,kunyit,bumbu dapur,1,"12,000","12,000"
355sf,2023-04-06 14:22:53,80120,kecap asin botol,bumbu dapur,1,"30,000","30,000"
440tr,2023-04-29 16:11:17,80639,kunyit,bumbu dapur,1,"12,000","12,000"
312sd,2023-01-19 02:09:11,14864,vas bunga,dekorasi rumah,1,"650,000","650,000"
627yl,2023-03-17 06:49:00,14778,mangga,makanan,1,"80,000","80,000"
497fs,2023-01-11 14:51:28,16155,batu hiasan,dekorasi rumah,1,"40,000","40,000"
487sd,2023-01-10 10:26:16,17248,batu hiasan,dekorasi rumah,1,"40,000","40,000"
127t,2023-01-21 22:15:08,17956,karpet turki,dekorasi rumah,1,"20,000,000","20,000,000"
405p,2023-01-22 20:38:05,19948,batu hiasan,dekorasi rumah,1,"40,000","40,000"
306Ag,2023-01-13 08:06:45,20535,lampu kristal khas jawa,dekorasi rumah,1,"500,000","500,000"
423sd,2023-01-03 12:10:06,24203,lemari kayu jati,dekorasi rumah,1,"15,000,000","15,000,000"
473tg,2023-01-02 16:11:07,24621,karpet turki,dekorasi rumah,1,"20,000,000","20,000,000"
199b,2023-01-04 05:41:24,24919,batu hiasan,dekorasi rumah,1,"40,000","40,000"
278d,2023-02-02 01:55:24,28111,batu hiasan,dekorasi rumah,1,"40,000","40,000"
798yl,2023-04-05 16:17:56,14778,mangga,makanan,1,"80,000","80,000"
116r,2023-02-10 09:59:27,28603,karpet turki,dekorasi rumah,3,"20,000,000","60,000,000"
833yl,2023-05-11 24:08:13,14778,mangga,makanan,1,"80,000","80,000"
885yl,2023-03-07 23:17:36,27181,bor tangan portable,perkakas,1,"2,500,000","2,500,000"
908yl,2023-04-28 13:31:22,45731,telur omega 3,makanan,1,"100,000","100,000"
329ui,2023-02-23 16:33:18,28689,batu hiasan,dekorasi rumah,40,"40,000","1,600,000"
225yl,2023-03-23 05:46:30,28216,telur omega 3,makanan,1,"100,000","100,000"
562yl,2023-04-23 12:60:38,47183,mangga,makanan,1,"80,000","80,000"
213yl,2023-05-25 03:05:05,47183,mangga,makanan,1,"80,000","80,000"
310w,2023-02-26 24:30:14,29157,karpet turki,dekorasi rumah,4,"20,000,000","80,000,000"
630yl,2023-02-14 21:42:50,14953,telur omega 3,makanan,1,"100,000","100,000"
167yl,2023-04-23 23:33:57,46879,mangga,makanan,1,"80,000","80,000"
403yl,2023-05-18 07:23:60,46879,mangga,makanan,1,"80,000","80,000"
383g,2023-02-01 12:14:22,30641,batu hiasan,dekorasi rumah,1,"40,000","40,000"
457fs,2023-02-29 07:11:03,32392,batu akik,dekorasi rumah,1,"5,000","5,000"
233rt,2023-02-27 14:10:12,34575,batu hiasan,dekorasi rumah,30,"40,000","1,200,000"
115y,2023-02-25 09:36:07,37578,batu hiasan,dekorasi rumah,3,"40,000","120,000"
420hy,2023-02-25 04:50:19,39660,batu hiasan,dekorasi rumah,6,"40,000","240,000"
273k,2023-03-30 20:55:48,46470,karpet turki,dekorasi rumah,1,"20,000,000","20,000,000"
899yl,2023-02-30 16:25:48,14864,telur omega 3,makanan,1,"100,000","100,000"
392j,2023-03-16 16:54:17,46677,karpet turki,dekorasi rumah,1,"20,000,000","20,000,000"
731yl,2023-03-13 02:23:15,28111,telur omega 3,makanan,1,"100,000","100,000"
905yl,2023-03-23 16:10:21,28603,mangga,makanan,1,"80,000","80,000"
239e3,2023-03-19 17:07:21,47904,batu hiasan,dekorasi rumah,1,"40,000","40,000"
167r,2023-03-10 07:50:15,48603,karpet turki,dekorasi rumah,1,"20,000,000","20,000,000"
345uj,2023-03-03 12:25:27,49694,batu hiasan,dekorasi rumah,1,"40,000","40,000"
261j,2023-03-03 11:32:31,49707,vas bunga,dekorasi rumah,1,"650,000","650,000"
288d,2023-03-29 23:16:35,51705,batu akik,dekorasi rumah,1,"5,000","5,000"
182s,2023-03-13 07:13:08,55449,batu hiasan,dekorasi rumah,1,"40,000","40,000"
453i,2023-03-18 20:41:27,60764,batu hiasan,dekorasi rumah,1,"40,000","40,000"
432l,2023-03-28 15:31:46,60900,batu hiasan,dekorasi rumah,1,"40,000","40,000"
467h,2023-03-11 11:46:16,61063,batu hiasan,dekorasi rumah,1,"40,000","40,000"
179rf,2023-03-10 06:48:43,62421,batu hiasan,dekorasi rumah,1,"40,000","40,000"
410l,2023-04-30 09:48:59,63433,batu hiasan,dekorasi rumah,1,"40,000","40,000"
583yl,2023-04-10 09:04:10,28603,mangga,makanan,1,"80,000","80,000"
423op,2023-04-06 22:20:52,64308,batu hiasan,dekorasi rumah,1,"40,000","40,000"
211u,2023-04-24 02:16:06,66364,vas bunga,dekorasi rumah,1,"650,000","650,000"
479jk,2023-04-05 15:01:57,68282,batu hiasan,dekorasi rumah,1,"40,000","40,000"
146fs,2023-04-25 18:38:57,68673,batu hiasan,dekorasi rumah,1,"40,000","40,000"
444sd,2023-04-02 02:19:26,70237,karpet turki,dekorasi rumah,1,"20,000,000","20,000,000"
321Ag,2023-04-06 06:32:26,71349,karpet turki,dekorasi rumah,1,"20,000,000","20,000,000"
704yl,2023-05-22 04:52:56,28603,mangga,makanan,1,"80,000","80,000"
349q,2023-04-03 15:31:02,73649,batu hiasan,dekorasi rumah,1,"40,000","40,000"
205h,2023-04-25 24:29:20,74196,karpet turki,dekorasi rumah,1,"20,000,000","20,000,000"
425w,2023-04-16 23:47:06,77661,batu hiasan,dekorasi rumah,1,"40,000","40,000"
388p,2023-04-13 22:08:01,78980,vas bunga,dekorasi rumah,1,"650,000","650,000"
429q,2023-05-26 07:39:01,80863,batu hiasan,dekorasi rumah,1,"40,000","40,000"
451fe,2023-05-16 17:08:60,80892,karpet turki,dekorasi rumah,1,"20,000,000","20,000,000"
215k,2023-05-30 17:46:01,81618,batu hiasan,dekorasi rumah,1,"40,000","40,000"
277j,2023-05-23 23:14:27,82222,lemari kayu jati,dekorasi rumah,1,"15,000,000","15,000,000"
404s,2023-05-13 03:54:55,87615,batu hiasan,dekorasi rumah,1,"40,000","40,000"
494r,2023-05-26 03:53:03,89246,vas bunga,dekorasi rumah,1,"650,000","650,000"
354qwe,2023-05-06 05:37:48,89996,karpet turki,dekorasi rumah,1,"20,000,000","20,000,000"
290op,2023-01-13 23:36:31,12105,speaker portable,elektronik,1,"5,000,000","5,000,000"
692bq,2023-02-27 00:60:31,12105,tv LCD,elektronik,1,"12,000,000","12,000,000"
787bq,2023-03-12 10:59:34,12105,iphone,gadget & aksesoris,1,"25,000,000","25,000,000"
213yl,2023-03-09 17:31:16,28689,mangga,makanan,1,"80,000","80,000"
664bq,2023-05-07 19:48:37,12105,casing HP,gadget & aksesoris,1,"210,000","210,000"
399a,2023-01-26 19:57:44,15941,speaker portable,elektronik,1,"5,000,000","5,000,000"
305yl,2023-04-13 09:52:59,28689,mangga,makanan,1,"80,000","80,000"
461y,2023-01-20 18:51:45,19912,speaker portable,elektronik,1,"5,000,000","5,000,000"
414bn,2023-01-18 24:26:50,26589,tv LCD,elektronik,1,"12,000,000","12,000,000"
176fs,2023-02-27 16:12:33,30748,Bardi smart home lamp,elektronik,1,"300,000","300,000"
106fs,2023-02-15 04:52:17,33444,speaker portable,elektronik,1,"5,000,000","5,000,000"
431k,2023-02-16 18:06:28,34649,tv LCD,elektronik,1,"12,000,000","12,000,000"
230Ag,2023-02-17 08:42:52,35654,tv LCD,elektronik,1,"12,000,000","12,000,000"
425r,2023-03-02 01:28:53,50798,tv LCD,elektronik,1,"12,000,000","12,000,000"
225s,2023-03-06 06:34:56,58649,tv LCD,elektronik,1,"12,000,000","12,000,000"
430rt,2023-04-20 10:40:06,64902,speaker portable,elektronik,1,"5,000,000","5,000,000"
220y,2023-04-03 02:55:01,76191,tv LCD,elektronik,1,"12,000,000","12,000,000"
393uj,2023-05-16 11:07:37,82738,tv LCD,elektronik,1,"12,000,000","12,000,000"
328rt,2023-05-07 09:25:53,83508,tv LCD,elektronik,1,"12,000,000","12,000,000"
380h,2023-05-18 14:48:16,87365,lampu LED ruang tamu,elektronik,1,"100,000","100,000"
166Ag,2023-01-15 05:56:33,21532,kursi kayu,furniture,1,"1,650,000","1,650,000"
443fs,2023-03-26 02:39:51,51357,meja kayu,furniture,1,"6,500,000","6,500,000"
165h,2023-03-09 05:04:06,53497,meja kayu,furniture,1,"6,500,000","6,500,000"
138j,2023-03-12 18:11:18,58391,kursi besi,furniture,1,"2,450,000","2,450,000"
313jj,2023-04-01 08:33:49,67084,kursi kayu,furniture,1,"1,650,000","1,650,000"
214n,2023-01-28 03:35:13,11648,casing HP,gadget & aksesoris,7,"210,000","1,470,000"
738bq,2023-02-12 11:25:13,11648,raket tenis,olahraga,1,"4,000,000","4,000,000"
787bq,2023-03-10 21:20:51,11648,bola tenis,olahraga,1,"500,000","500,000"
882bq,2023-04-21 12:16:36,11648,karpet turki,dekorasi rumah,1,"20,000,000","20,000,000"
962bq,2023-05-27 09:34:17,11648,sereh,bumbu dapur,1,"11,000","11,000"
340rt,2023-01-27 13:16:23,12845,huawei smartphone,gadget & aksesoris,9,"7,600,000","68,400,000"
914bp,2023-02-22 13:54:01,12845,raket tenis,olahraga,1,"4,000,000","4,000,000"
616bp,2023-03-06 04:20:01,12845,bola tenis,olahraga,1,"500,000","500,000"
290y,2023-01-19 23:26:46,17314,xiaomi phone,gadget & aksesoris,8,"4,000,000","32,000,000"
153Ag,2023-01-17 02:60:34,19004,raket tenis,gadget & aksesoris,3,"4,000,000","12,000,000"
275h,2023-01-18 18:15:36,19236,iphone,gadget & aksesoris,2,"25,000,000","50,000,000"
200e3,2023-01-13 19:55:60,20010,galaxy tab,gadget & aksesoris,2,"5,000,000","10,000,000"
119j,2023-01-07 00:57:26,21130,galaxy tab,gadget & aksesoris,2,"5,000,000","10,000,000"
899yl,2023-05-09 14:40:56,28689,mangga,makanan,1,"80,000","80,000"
371A,2023-02-16 19:02:28,27720,macbook air m1,gadget & aksesoris,1,"17,000,000","17,000,000"
991yl,2023-03-28 24:35:15,29157,mangga,makanan,1,"80,000","80,000"
287n,2023-02-08 22:14:43,30669,iphone,gadget & aksesoris,1,"25,000,000","25,000,000"
205hf,2023-02-23 01:39:37,31150,galaxy tab,gadget & aksesoris,1,"5,000,000","5,000,000"
361Au,2023-02-12 04:17:44,32101,casing HP,gadget & aksesoris,1,"210,000","210,000"
157g,2023-02-22 12:13:43,32806,macbook pro m1,gadget & aksesoris,1,"21,000,000","21,000,000"
107j,2023-02-11 01:36:34,35370,iphone,gadget & aksesoris,2,"25,000,000","50,000,000"
288j,2023-02-14 06:39:14,38252,ps5,gadget & aksesoris,2,"14,000,000","28,000,000"
108e3,2023-02-08 01:37:36,40141,iphone,gadget & aksesoris,1,"25,000,000","25,000,000"
207k,2023-02-27 15:04:28,40974,iphone,gadget & aksesoris,1,"25,000,000","25,000,000"
402yl,2023-04-14 15:07:00,29157,mangga,makanan,1,"80,000","80,000"
261j,2023-03-15 09:02:48,48987,xiaomi phone,gadget & aksesoris,1,"4,000,000","4,000,000"
331t,2023-03-24 04:33:16,56783,casing HP,gadget & aksesoris,1,"210,000","210,000"
918yl,2023-05-09 24:25:18,29157,mangga,makanan,1,"80,000","80,000"
466s,2023-03-29 12:02:06,60644,iphone,gadget & aksesoris,1,"25,000,000","25,000,000"
222f,2023-03-29 10:11:27,11115,iphone,gadget & aksesoris,1,"25,000,000","25,000,000"
233l,2023-03-10 15:14:00,68191,iphone,gadget & aksesoris,1,"25,000,000","25,000,000"
345vv,2023-03-15 15:19:44,36904,iphone,gadget & aksesoris,1,"25,000,000","25,000,000"
345oi,2023-03-16 21:46:02,76709,iphone,gadget & aksesoris,1,"25,000,000","25,000,000"
123po,2023-03-22 13:20:36,81813,iphone,gadget & aksesoris,1,"25,000,000","25,000,000"
234uw,2023-03-09 03:24:33,66341,galaxy tab,gadget & aksesoris,1,"5,000,000","5,000,000"
456pw,2023-03-09 23:16:13,29017,iphone,gadget & aksesoris,1,"25,000,000","25,000,000"
456ty,2023-03-16 18:36:13,35487,galaxy tab,gadget & aksesoris,1,"5,000,000","5,000,000"
128h,2023-04-24 00:53:25,64260,macbook air m1,gadget & aksesoris,1,"17,000,000","17,000,000"
466sf,2023-04-06 10:20:25,65341,iphone,gadget & aksesoris,1,"25,000,000","25,000,000"
379hf,2023-04-01 13:08:38,65355,nitendo wii,gadget & aksesoris,4,"3,000,000","12,000,000"
173uj,2023-04-10 24:11:43,69019,hp pavilion laptop i5,gadget & aksesoris,2,"9,800,000","19,600,000"
288df,2023-04-02 21:17:48,69769,vape,gadget & aksesoris,5,"500,000","2,500,000"
260hf,2023-04-30 03:56:07,71444,huawei smartphone,gadget & aksesoris,4,"7,600,000","30,400,000"
465w,2023-04-05 17:51:38,71971,casing HP,gadget & aksesoris,7,"210,000","1,470,000"
382fs,2023-04-18 02:36:16,73114,asus zenbook i3,gadget & aksesoris,3,"6,900,000","20,700,000"
237v,2023-04-09 17:44:01,73996,ps5,gadget & aksesoris,1,"14,000,000","14,000,000"
141Ag,2023-04-02 00:36:13,74443,hp pavilion laptop i5,gadget & aksesoris,1,"9,800,000","9,800,000"
468tr,2023-04-04 17:52:55,75385,ps vita,gadget & aksesoris,1,"2,500,000","2,500,000"
440e3,2023-04-19 24:10:39,75835,ps5,gadget & aksesoris,2,"14,000,000","28,000,000"
235t,2023-05-17 22:36:04,80650,iphone,gadget & aksesoris,4,"25,000,000","100,000,000"
104sd,2023-05-16 05:26:38,81059,nitendo wii,gadget & aksesoris,3,"3,000,000","9,000,000"
125Ag,2023-05-20 22:03:24,81231,ps vita,gadget & aksesoris,1,,0
119i,2023-05-18 10:37:25,84405,casing HP,gadget & aksesoris,8,"210,000","1,680,000"
287uj,2023-05-02 23:13:41,85533,vape,gadget & aksesoris,9,"500,000","4,500,000"
119j,2023-05-04 21:17:16,86252,stick golf,gadget & aksesoris,2,"23,000,000","46,000,000"
149v,2023-05-14 21:49:14,86750,nitendo wii,gadget & aksesoris,5,"3,000,000","15,000,000"
364c,2023-05-03 13:09:08,87215,batu giok import cina,hiasan rumah,1,"97,000,000","97,000,000"
461tr,2023-01-18 18:10:06,10779,vape,hobi,1,"500,000","500,000"
630bq,2023-02-05 05:46:07,10779,salmon frozen,makanan,1,"60,000","60,000"
973bq,2023-03-21 04:40:11,10779,ps vita,gadget & aksesoris,1,"2,500,000","2,500,000"
996bq,2023-04-21 23:00:10,10779,huawei smartphone,gadget & aksesoris,1,"7,600,000","7,600,000"
721bq,2023-05-27 15:31:09,10779,casing HP,gadget & aksesoris,1,"210,000","210,000"
319uj,2023-01-16 23:00:60,19990,vape,hobi,1,"500,000","500,000"
483g,2023-03-10 11:58:17,47826,vape,hobi,1,"500,000","500,000"
735pw,2023-02-30 12:05:41,17697,bor tangan portable,elektronik,1,"2,500,000","2,500,000"
498pw,2023-03-04 00:12:08,53863,speaker portable,elektronik,1,"5,000,000","5,000,000"
110s,2023-01-26 09:50:52,17697,ac portable,home appliances,1,"5,000,000","5,000,000"
102df,2023-03-02 15:31:07,53863,ac portable,home appliances,1,"5,000,000","5,000,000"
135t,2023-01-13 16:55:45,13194,pampers,kebutuhan anak,1,"89,000","89,000"
817pw,2023-02-25 14:48:56,13194,hairdryer,kecantikan,1,"800,000","800,000"
693pw,2023-03-29 01:05:36,13194,hand sanitizer,kesehatan,1,"10,000","10,000"
753pw,2023-04-06 07:53:37,13194,bardi smart home lamp,elektronik,1,"300,000","300,000"
188e3,2023-01-04 11:42:16,26038,pampers,kebutuhan anak,1,"89,000","89,000"
308g,2023-02-11 24:27:59,30928,pampers,kebutuhan anak,1,"89,000","89,000"
450y,2023-03-12 21:02:34,54037,pampers,kebutuhan anak,1,"89,000","89,000"
337j,2023-01-28 18:47:30,24921,hairdryer,kecantikan,1,"800,000","800,000"
355e3,2023-02-17 16:42:28,41230,hairdryer,olahraga,1,"800,000","800,000"
231s,2023-03-01 12:05:40,48208,hairdryer,kecantikan,1,"800,000","800,000"
176i,2023-03-27 04:38:45,52003,hairdryer,kecantikan,1,"800,000","800,000"
284y,2023-05-01 21:21:49,82696,pampers,kecantikan,1,"89,000","89,000"
101s,2023-01-02 24:58:33,22978,hand sanitizer,kesehatan,1,"10,000","10,000"
357v,2023-04-13 11:46:27,66848,hand sanitizer,kesehatan,1,"10,000","10,000"
116sfs,2023-04-13 21:25:35,71739,hand sanitizer,kesehatan,1,"10,000","10,000"
270hh,2023-01-14 00:11:13,11693,yoyo,mainan anak,1,"107,000","107,000"
978bc,2023-02-22 05:31:39,11693,raket tenis,olahraga,1,"4,000,000","4,000,000"
773bc,2023-03-06 14:11:59,11693,bola tenis,olahraga,1,"500,000","500,000"
652bc,2023-04-02 02:45:08,11693,sereh,bumbu dapur,1,"11,000","11,000"
816bc,2023-05-16 20:16:05,11693,sereh,bumbu dapur,1,"11,000","11,000"
144fs,2023-01-19 15:48:33,19055,gundam,mainan anak,1,"300,000","300,000"
255m,2023-01-13 16:60:07,23512,boneka barbie,mainan anak,1,"100,000","100,000"
168c,2023-01-28 01:26:38,24156,hot wheels,mainan anak,1,"56,000","56,000"
394tr,2023-02-17 15:16:11,31634,salmon frozen,mainan anak,1,"60,000","60,000"
239b,2023-02-25 21:09:37,34398,gundam,mainan anak,1,"300,000","300,000"
435a,2023-02-10 00:24:05,35055,hot wheels,mainan anak,1,"56,000","56,000"
120jj,2023-03-14 11:49:52,44354,gundam,mainan anak,1,"300,000","300,000"
159yl,2023-04-16 07:45:14,46470,telur omega 3,makanan,1,"100,000","100,000"
108d,2023-03-22 15:14:45,46591,hot wheels,mainan anak,1,"56,000","56,000"
993yl,2023-04-16 22:56:31,46677,mangga,makanan,1,"80,000","80,000"
405fs,2023-03-14 18:04:54,49961,yoyo,mainan anak,1,"107,000","107,000"
163km,2023-03-03 19:33:43,56440,hot wheels,mainan anak,1,"56,000","56,000"
477f,2023-04-02 16:48:55,68660,hot wheels,mainan anak,1,"56,000","56,000"
467sd,2023-04-12 02:18:08,69769,boneka barbie,mainan anak,1,"100,000","100,000"
289d,2023-04-20 16:34:19,69769,gundam,mainan anak,1,"300,000","300,000"
425s,2023-04-14 13:28:26,69769,yoyo,mainan anak,1,"107,000","107,000"
315hf,2023-04-09 17:50:41,71619,hot wheels,mainan anak,1,"56,000","56,000"
406Au,2023-04-04 00:37:26,71937,yoyo,mainan anak,1,"107,000","107,000"
884yl,2023-05-02 09:30:44,46677,mangga,makanan,1,"80,000","80,000"
322A,2023-04-18 23:03:43,75384,gundam,mainan anak,1,"300,000","300,000"
366hh,2023-05-09 19:00:42,82832,yoyo,mainan anak,1,"107,000","107,000"
241io,2023-01-01 07:38:30,12828,olive oil,makanan,1,"80,000","80,000"
747bz,2023-02-27 00:17:10,12828,raket tenis,olahraga,1,"4,000,000","4,000,000"
968bz,2023-03-26 02:50:39,12828,bola tenis,olahraga,1,"500,000","500,000"
102i,2023-01-11 05:39:04,14079,daging sapi shabu-shabu,makanan,1,"87,000","87,000"
401yl,2023-05-05 04:21:59,63433,mangga,makanan,1,"80,000","80,000"
318yl,2023-02-25 20:30:12,15941,telur omega 3,makanan,1,"100,000","100,000"
666yl,2023-03-26 01:21:17,27720,iphone,gadget & aksesoris,1,"25,000,000","25,000,000"
911yl,2023-04-23 05:14:60,44354,telur omega 3,makanan,1,"100,000","100,000"
371df,2023-01-17 22:05:05,14393,durian,makanan,1,"300,000","300,000"
784yl,2023-04-27 01:40:48,46591,telur omega 3,makanan,1,"100,000","100,000"
244yl,2023-02-13 18:17:29,14079,mangga,makanan,1,"80,000","80,000"
292yl,2023-03-20 16:22:29,14079,mangga,makanan,1,"80,000","80,000"
853yl,2023-04-20 14:10:09,14079,mangga,makanan,1,"80,000","80,000"
128we,2023-01-08 08:21:16,14920,telur omega 3,makanan,1,"100,000","100,000"
467yl,2023-05-17 01:13:43,14079,mangga,makanan,1,"80,000","80,000"
438d,2023-01-23 12:43:14,19363,telur omega 3,makanan,1,"100,000","100,000"
844yl,2023-02-20 22:49:39,14393,mangga,makanan,1,"80,000","80,000"
270k,2023-01-30 08:56:48,26679,olive oil,makanan,1,0,0
295y,2023-02-25 15:59:31,27825,kacang atom,makanan,1,"15,000","15,000"
341yl,2023-03-19 06:22:58,14393,mangga,makanan,1,"80,000","80,000"
323s,2023-02-21 08:45:43,29994,mangga,makanan,1,"80,000","80,000"
468y,2023-02-13 08:60:18,32817,telur omega 3,makanan,1,"100,000","100,000"
184t,2023-02-27 00:45:28,33229,jeruk florida,makanan,1,"30,000","30,000"
127r,2023-02-19 10:14:20,36849,olive oil,makanan,1,"80,000","80,000"
101e3,2023-03-17 09:26:31,56796,daging sapi shabu-shabu,makanan,1,"87,000","87,000"
286uj,2023-04-26 22:16:52,63585,kacang goreng,makanan,1,"12,000","12,000"
843yl,2023-04-16 07:36:49,14393,mangga,makanan,1,"80,000","80,000"
129sfs,2023-04-18 07:40:51,69069,pisang goreng,makanan,1,"16,000","16,000"
156q,2023-04-03 17:50:57,71055,telur omega 3,makanan,1,"100,000","100,000"
296w,2023-04-01 01:32:12,71171,pisang goreng,makanan,1,"16,000","16,000"
717yl,2023-05-24 13:07:12,14393,mangga,makanan,1,"80,000","80,000"
195g,2023-04-29 08:32:14,74940,salmon frozen,makanan,1,"60,000","60,000"
103y,2023-04-29 04:14:13,75134,olive oil,makanan,1,"80,000","80,000"
111u,2023-04-09 17:49:00,75344,olive oil,makanan,1,"80,000","80,000"
464i,2023-04-13 01:01:57,80196,telur omega 3,makanan,1,"100,000","100,000"
496k,2023-05-24 02:16:15,84989,telur omega 3,makanan,1,"100,000","100,000"
158A,2023-05-10 15:41:04,85853,daging sapi shabu-shabu,makanan,1,"87,000","87,000"
203h,2023-05-02 19:27:30,86631,pisang goreng,makanan,1,"16,000","16,000"
151uj,2023-05-11 00:43:09,86714,salmon frozen,makanan,1,"60,000","60,000"
168q,2023-05-09 08:10:26,87620,olive oil,makanan,1,"80,000","80,000"
243i,2023-05-09 02:55:08,89727,telur omega 3,makanan,1,"100,000","100,000"
410A,2023-02-14 15:30:53,39977,sprite,minuman,1,"5,000","5,000"
110g,2023-05-19 11:16:43,84002,coca-cola,minuman,1,"5,000","5,000"
178hh,2023-05-19 04:59:27,87954,fanta,minuman,1,"7,000","7,000"
223rt,2023-01-26 20:20:23,10497,bola sepakbola,olahraga,1,"200,000","200,000"
382oe,2023-02-28 21:15:57,10497,salmon frozen,minuman,1,"60,000","60,000"
212oe,2023-03-19 15:06:24,10497,raket tenis,olahraga,1,"4,000,000","4,000,000"
462oe,2023-04-11 17:57:20,10497,bola tenis,olahraga,1,"500,000","500,000"
560oe,2023-05-24 00:40:46,10497,karpet mie mobil,otomotif,1,"1,000,000","1,000,000"
393d,2023-01-06 14:52:37,18624,raket bulutangkis,olahraga,1,"700,000","700,000"
116hh,2023-01-29 08:34:32,21308,raket bulutangkis,olahraga,1,"700,000","700,000"
450sf,2023-01-28 20:07:11,24533,bola futsal,olahraga,1,"300,000","300,000"
262A,2023-01-24 19:24:52,24658,sepatu tennis,olahraga,1,"3,200,000","3,200,000"
274sfs,2023-01-16 16:07:31,24995,sepatu futsal,olahraga,1,"1,200,000","1,200,000"
387fs,2023-01-13 12:06:46,27037,roller blade,olahraga,1,"800,000","800,000"
111c,2023-02-23 05:26:03,31472,skateboard,olahraga,1,"2,400,000","2,400,000"
451h,2023-02-01 11:51:34,32351,skateboard,olahraga,1,"2,400,000","2,400,000"
142a,2023-02-08 00:09:37,33171,stick golf,olahraga,1,"23,000,000","23,000,000"
391s,2023-02-05 22:59:01,34895,stick golf,olahraga,1,"23,000,000","23,000,000"
220sd,2023-02-06 19:36:59,36541,skateboard,olahraga,1,"2,400,000","2,400,000"
459d,2023-02-09 12:44:32,39683,bola tenis,olahraga,1,"500,000","500,000"
148sfs,2023-02-19 21:57:09,40356,skateboard,olahraga,1,"2,400,000","2,400,000"
296df,2023-02-14 15:04:30,42625,kaos golf,olahraga,1,"800,000","800,000"
223gt,2023-03-16 03:14:15,46012,raket tenis,olahraga,1,"4,000,000","4,000,000"
476yl,2023-02-29 07:15:29,14920,telur omega 3,makanan,1,"100,000","100,000"
217d,2023-03-20 02:47:12,47250,skateboard,olahraga,1,"2,400,000","2,400,000"
537yl,2023-03-16 05:27:22,27825,telur omega 3,makanan,1,"100,000","100,000"
314yl,2023-05-21 10:56:41,63585,mangga,makanan,1,"80,000","80,000"
458sd,2023-03-03 12:26:24,47264,sepatu sepak bola,olahraga,1,"1,500,000","1,500,000"
113yl,2023-04-25 12:52:15,46012,telur omega 3,makanan,1,"100,000","100,000"
858yl,2023-04-11 11:56:47,47250,mangga,makanan,1,"80,000","80,000"
195uj,2023-03-10 01:47:05,47405,bola tenis,olahraga,4,"500,000","2,000,000"
264df,2023-03-29 13:00:22,48120,bola sepakbola,olahraga,1,"200,000","200,000"
338s,2023-03-29 11:48:43,49123,bola golf,olahraga,1,"700,000","700,000"
385t,2023-03-25 02:28:25,50955,bola futsal,olahraga,1,"300,000","300,000"
219d,2023-03-25 13:39:51,51972,raket tenis,olahraga,5,"4,000,000","20,000,000"
293g,2023-03-25 14:51:47,54985,sepatu sepak bola,olahraga,1,"1,500,000","1,500,000"
268Au,2023-03-28 00:08:53,55180,stick golf,olahraga,1,"23,000,000","23,000,000"
244xzz,2023-03-24 14:39:58,55373,raket tenis,olahraga,6,"4,000,000","24,000,000"
221d,2023-03-25 24:54:11,58768,roller blade,olahraga,1,"800,000","800,000"
440sd,2023-03-25 22:22:53,59374,sepatu tennis,olahraga,1,"3,200,000","3,200,000"
445y,2023-03-24 09:38:59,59422,bola golf,olahraga,1,"700,000","700,000"
276jj,2023-03-08 07:48:40,60431,raket tenis,olahraga,2,"4,000,000","8,000,000"
225h,2023-04-27 15:60:49,67579,roller blade,olahraga,1,"800,000","800,000"
357fs,2023-04-07 19:21:26,68598,roller blade,olahraga,2,"800,000","1,600,000"
111tr,2023-04-26 16:59:21,71041,kaos golf,olahraga,3,"800,000","2,400,000"
236iy,2023-04-21 20:23:55,9385,raket tenis,olahraga,3,"4,000,000","12,000,000"
927bv,2023-04-20 11:37:34,9105,raket tenis,olahraga,2,"4,000,000","8,000,000"
257hf,2023-04-05 07:53:03,79588,kaos golf,olahraga,3,"800,000","2,400,000"
937vb,2023-04-02 17:57:53,8044,bola tenis,olahraga,6,"500,000","3,000,000"
933le,2023-04-04 23:34:29,9022,raket tenis,olahraga,8,"4,000,000","32,000,000"
301e3,2023-05-14 14:40:25,80857,sepatu futsal,olahraga,1,0,0
134t,2023-05-12 23:23:46,81038,sepatu futsal,olahraga,1,"1,200,000","1,200,000"
129x,2023-05-18 05:35:29,87882,roller blade,olahraga,1,"800,000","800,000"
284vv,2023-05-30 14:12:50,9566,raket tenis,olahraga,2,"4,000,000","8,000,000"
0847tt,2023-05-29 00:50:34,8443,bola tenis,olahraga,2,"500,000","1,000,000"
209mw,2023-05-13 18:04:09,2238,raket tenis,olahraga,2,"4,000,000","8,000,000"
127tb,2023-05-16 13:37:32,4410,bola tenis,olahraga,2,"500,000","1,000,000"
306rt,2023-05-23 10:10:26,6856,bola tenis,olahraga,1,"500,000","500,000"
712zm,2023-05-20 21:19:51,6938,bola tenis,olahraga,1,"500,000","500,000"
917xn,2023-05-04 20:02:05,2771,bola tenis,olahraga,1,"500,000","500,000"
398cn,2023-05-04 07:37:45,6617,bola tenis,olahraga,1,"500,000","500,000"
456vb,2023-05-21 05:11:37,6508,bola tenis,olahraga,1,"500,000","500,000"
102al,2023-05-14 04:35:23,6825,bola tenis,olahraga,1,"500,000","500,000"
203sk,2023-05-20 03:20:25,1748,raket tenis,olahraga,2,"4,000,000","8,000,000"
204dj,2023-05-06 04:39:20,7236,raket tenis,olahraga,3,"4,000,000","12,000,000"
495fj,2023-05-11 21:30:14,3140,raket tenis,olahraga,5,"4,000,000","20,000,000"
235yl,2023-05-12 13:51:57,47250,mangga,makanan,1,"80,000","80,000"
239gh,2023-05-04 07:47:36,5151,raket tenis,olahraga,1,"4,000,000","4,000,000"
729yl,2023-04-19 00:53:60,47264,mangga,makanan,1,"80,000","80,000"
284ms,2023-05-08 01:28:29,1547,raket tenis,olahraga,3,"4,000,000","12,000,000"
145tr,2023-01-26 21:28:49,10126,android head unit for fortuner,otomotif,1,"3,000,000","3,000,000"
669ox,2023-02-23 24:33:24,10126,raket tenis,olahraga,1,"4,000,000","4,000,000"
607ox,2023-03-20 02:31:60,10126,karpet mie mobil,otomotif,1,"1,000,000","1,000,000"
345ox,2023-04-16 11:21:59,10126,bor tangan portable,perkakas,1,"2,500,000","2,500,000"
555ox,2023-05-09 06:45:09,10126,bola tenis,olahraga,1,"500,000","500,000"
268g,2023-01-23 12:24:36,12745,karpet mie mobil,otomotif,1,"1,000,000","1,000,000"
826bq,2023-02-27 09:47:47,12745,raket tenis,olahraga,1,"4,000,000","4,000,000"
343sd,2023-01-03 21:25:22,14306,android head unit for honda jazz,otomotif,1,"2,000,000","2,000,000"
872yl,2023-05-06 12:06:07,47264,mangga,makanan,1,"80,000","80,000"
575yl,2023-02-16 11:58:28,14306,mangga,makanan,1,"80,000","80,000"
376yl,2023-03-14 12:55:59,14306,mangga,makanan,1,"80,000","80,000"
727yl,2023-04-24 01:16:31,14306,mangga,makanan,1,"80,000","80,000"
379a,2023-01-15 04:10:44,17530,karpet mie mobil,otomotif,1,"1,000,000","1,000,000"
185Au,2023-01-14 22:27:10,20537,android head unit for xpander,otomotif,1,"2,400,000","2,400,000"
132z,2023-02-02 05:05:11,30032,karpet mie mobil,otomotif,1,"1,000,000","1,000,000"
276sfs,2023-02-07 07:59:29,31242,android head unit for avanza,otomotif,1,"1,500,000","1,500,000"
193hf,2023-02-09 07:53:24,32091,android head unit for fortuner,otomotif,1,"3,000,000","3,000,000"
198rt,2023-02-29 03:06:46,38484,karpet mie mobil,otomotif,1,"1,000,000","1,000,000"
423h,2023-02-26 17:21:18,39863,karpet mie mobil,otomotif,1,"1,000,000","1,000,000"
217rt,2023-03-14 02:07:16,44826,karpet mie mobil,otomotif,1,"1,000,000","1,000,000"
527yl,2023-05-27 11:17:52,14306,mangga,makanan,1,"80,000","80,000"
222j,2023-03-27 10:23:14,50221,android head unit for xpander,otomotif,1,"2,400,000","2,400,000"
100e3,2023-03-14 17:46:36,51197,android head unit for avanza,otomotif,1,"1,500,000","1,500,000"
432t,2023-04-14 14:50:03,73272,setir mobil avanza,otomotif,1,"2,000,000","2,000,000"
275h,2023-04-07 19:17:34,78889,android head unit for honda jazz,otomotif,1,"2,000,000","2,000,000"
467hj,2023-01-22 16:54:58,16776,bor tangan portable,perkakas,1,"2,500,000","2,500,000"
174i,2023-01-17 20:42:41,26174,bor tangan portable,perkakas,1,"2,500,000","2,500,000"
926yl,2023-04-15 03:03:43,44826,telur omega 3,makanan,1,"100,000","100,000"
259h,2023-02-27 00:08:09,40776,bor tangan portable,perkakas,1,"2,500,000","2,500,000"
321c,2023-04-23 00:09:49,66510,bor tangan portable,perkakas,1,"2,500,000","2,500,000"
275e3,2023-04-02 03:05:13,70935,bor tangan portable,perkakas,1,"2,500,000","2,500,000"
107s,2023-04-22 08:07:52,80319,bor tangan portable,perkakas,1,"2,500,000","2,500,000"
355b,2023-01-30 08:34:57,22058,tissue refill,personal care,1,"40,000","40,000"
116jj,2023-04-19 06:10:13,66981,tissue refill,personal care,1,"40,000","40,000"
387uj,2023-02-21 07:47:53,36303,bibit ikan cupang,peternakan & perikanan,1,"45,000","45,000"
155g,2023-02-05 20:43:12,41497,bibit lele,peternakan & perikanan,1,"450,000","450,000"
443A,2023-03-20 14:16:19,46630,bibit gurame,peternakan & perikanan,1,"500,000","500,000"
369yl,2023-03-25 00:29:51,29994,mangga,makanan,1,"80,000","80,000"
465yl,2023-04-24 22:23:56,46630,mangga,makanan,1,"80,000","80,000"
163yl,2023-04-16 02:41:19,46630,mangga,makanan,1,"80,000","80,000"
444we,2023-03-11 24:38:20,51803,bibit ikan mas koki,peternakan & perikanan,1,"1,200,000","1,200,000"
178r,2023-03-13 07:08:33,59646,bibit ikan mas koki,peternakan & perikanan,1,"1,200,000","1,200,000"
431y,2023-03-23 16:46:31,61565,bibit ikan mas koki,peternakan & perikanan,1,"1,200,000","1,200,000"
190sd,2023-04-21 04:47:25,66883,bibit ikan mas koki,peternakan & perikanan,1,"1,200,000","1,200,000"
176jj,2023-05-11 09:28:01,83533,bibit ikan mas koki,peternakan & perikanan,1,"1,200,000","1,200,000"
360hh,2023-05-27 07:30:55,87674,bibit sidat,peternakan & perikanan,1,"700,000","700,000"
294t,2023-01-30 22:50:54,17302,minyak goreng,sembako,1,"80,000","80,000"
162y,2023-01-04 11:05:23,23657,minyak goreng,sembako,1,"80,000","80,000"
365w,2023-02-09 09:17:35,27795,minyak goreng,tanaman hias,1,"80,000","80,000"
231yl,2023-03-19 00:54:19,27795,telur omega 3,makanan,1,"100,000","100,000"
401io,2023-03-05 20:36:13,53981,minyak goreng,sembako,1,"80,000","80,000"
368j,2023-04-24 12:24:49,71726,minyak goreng,sembako,1,"80,000","80,000"
174sd,2023-04-23 21:44:21,76452,minyak goreng,sembako,1,"80,000","80,000"
202u,2023-05-02 12:42:42,84509,minyak goreng,sembako,1,"80,000","80,000"
370i,2023-01-10 13:29:03,12925,tanaman rambat,tanaman hias,1,"102,000","102,000"
782pw,2023-02-26 12:57:00,12925,rumput,tanaman hias,1,"102,000","102,000"
774pw,2023-03-17 11:15:18,12925,vas bunga,dekorasi rumah,1,"650,000","650,000"
358op,2023-01-13 16:31:23,18260,rumput,tanaman hias,1,"102,000","102,000"
369y,2023-01-28 17:03:59,18662,rumput,tanaman hias,1,"102,000","102,000"
303e3,2023-02-14 22:51:28,37429,rumput,tanaman hias,1,"102,000","102,000"
389we,2023-03-22 06:12:30,47903,tanaman rambat,tanaman hias,1,"102,000","102,000"
455y,2023-03-15 03:32:00,52594,tanaman rambat,tanaman hias,1,"102,000","102,000"
351k,2023-03-09 06:13:23,55002,rumput,tanaman hias,1,"102,000","102,000"
316tr,2023-04-29 01:18:27,65509,tanaman rambat,tanaman hias,1,"102,000","102,000"
217nl,2023-04-12 18:39:21,70341,tanaman rambat,tanaman hias,1,"102,000","102,000"
207e3,2023-05-22 19:43:37,86185,rumput,tanaman hias,1,"102,000","102,000"