Product Names,Real Prices,Discount Prices,Category,Disc Diff,Discount Status,Sub Category
Sharp AQUOS 60 Inch 4K UHD Android TV...,3799,2149,TV,1650,Discounted,UHD TVs
Sony 75-inch BRAVIA XR X90L Full Array...,11899,10899,TV,1000,Discounted,UHD TVs
 LG QNED81 50 inch 120Hz HDR10 4K UHD...,4999,2999,TV,2000,Discounted,QNED TVs
LG QNED91 75 inch MiniLED 120Hz Dolby...,15999,11799,TV,4200,Discounted,QNED TVs
 LG OLED A3 55 inch Dolby Vision &...,8999,6999,TV,2000,Discounted,OLED TVs
LG OLED A3 65 inch Dolby Vision & HDR10...,11999,9499,TV,2500,Discounted,OLED TVs
Samsung 85 inch Q80CA QLED 4K TV,15199,12599,TV,2600,Discounted,QLED TVs
Samsung 43 inch Crystal UHD 4K TV CU7100,2199,1899,TV,300,Discounted,UHD TVs
Samsung 50 inch Crystal UHD 4K TV CU7100,2699,2199,TV,500,Discounted,UHD TVs
Samsung 55 inch Crystal UHD 4K TV CU7100,2999,2399,TV,600,Discounted,UHD TVs
Samsung 65 inch Crystal UHD 4K TV CU7100,3599,2799,TV,800,Discounted,UHD TVs
Samsung 75 inch Crystal UHD 4K TV CU7100,6099,5899,TV,200,Discounted,UHD TVs
Samsung 85 inch Crystal UHD 4K TV CU7100,9599,9099,TV,500,Discounted,UHD TVs
Haier 65 inch Bezel Less QLED Google TV...,4199,3699,TV,500,Discounted,QLED TVs
Haier 55 inch Bezel Less QLED Google TV...,3099,2499,TV,600,Discounted,QLED TVs
Haier 50 inch Bezel Less QLED Google TV...,2499,1899,TV,600,Discounted,QLED TVs
Samsung 55 inch Crystal UHD 4K TV CU8500,3299,2899,TV,400,Discounted,UHD TVs
Samsung 50 inch Crystal UHD 4K TV CU8500,2999,2349,TV,650,Discounted,UHD TVs
Samsung 85 inch Crystal UHD 4K TV CU8000,10099,9599,TV,500,Discounted,UHD TVs
LG 83 inch OLED evo C3 4K Smart TV...,35999,27999,TV,8000,Discounted,OLED TVs
Samsung 75 inch Crystal UHD 4K TV CU8000,6599,6299,TV,300,Discounted,UHD TVs
Samsung 65 inch Crystal UHD 4K TV CU8500,3999,3399,TV,600,Discounted,UHD TVs
Sony 55-inch 4K Ultra HD HDR Google TV...,5699,5099,TV,600,Discounted,UHD TVs
LG UR75 70 inch HDR10 4K Smart TV (2023),6499,4599,TV,1900,Discounted,UHD TVs
LG UR80 75 inch HDR10 4K UHD Smart TV...,7799,5599,TV,2200,Discounted,UHD TVs
LG UR80 86 inch 120Hz HDR10 4K UHD...,11999,9299,TV,2700,Discounted,UHD TVs
LG UR90 50 inch Super Slim HDR10 4K UHD...,3299,2899,TV,400,Discounted,UHD TVs
LG UR90 55 inch Super Slim HDR10 4K UHD...,4299,3099,TV,1200,Discounted,UHD TVs
LG UR90 65 inch Super Slim HDR10 4K UHD...,5399,3999,TV,1400,Discounted,UHD TVs
Sony 65' 4K Ultra HD HDR Google TV -...,6999,6299,TV,700,Discounted,UHD TVs
Samsung 77 inch OLED 4K TV S95CA,30999,26899,TV,4100,Discounted,OLED TVs
Samsung 98 inch Q80CA QLED 4K TV,33999,29999,TV,4000,Discounted,QLED TVs
Samsung 65 Inch OLED 4K TV  S90CA,13999,12199,TV,1800,Discounted,OLED TVs
"Sony 85' Bravia XR Class X95L Mini LED,...",26999,24999,TV,2000,Discounted,LED TVs
Sony 77' Bravia A80L 4K HDR OLED Google...,22999,21299,TV,1700,Discounted,OLED TVs
Philips 43 Inch 5600 Series LED TV...,1199,898,TV,301,Discounted,LED TVs
Sony 65' KD65X80L 4K Ultra HD High...,5499,4849,TV,650,Discounted,UHD TVs
Sony 55-inch Bravia X80L 4K HDR Google...,4299,3799,TV,500,Discounted,UHD TVs
LG 55 inch 4K Smart QNED TV (2023),6299,4199,TV,2100,Discounted,QNED TVs
LG 65 inch 4K Smart QNED TV (2023),8099,5499,TV,2600,Discounted,QNED TVs
LG 75 inch 4K Smart QNED TV (2023),12999,8399,TV,4600,Discounted,QNED TVs
LG 86 inch 4K Smart QNED TV (2023),15999,11999,TV,4000,Discounted,QNED TVs
LG 65 inch OLED evo C3 4K Smart TV...,14999,11999,TV,3000,Discounted,OLED TVs
LG 77 inch OLED evo C3 4K Smart TV...,29999,21499,TV,8500,Discounted,OLED TVs
LG 55 inch OLED evo C3 4K Smart TV...,10999,8999,TV,2000,Discounted,OLED TVs
Sony 85' Bravia X80L 4K HDR Google TV -...,10999,9999,TV,1000,Discounted,UHD TVs
Sharp AQUOS 65 Inch Android 4K UHD TV...,15999,12999,TV,3000,Discounted,UHD TVs
Sony 55' Bravia XR XR55A80L (2023) OLED...,10699,9599,TV,1100,Discounted,OLED TVs
Sony 65' Bravia XR XR65A80L (2023) OLED...,14599,13199,TV,1400,Discounted,OLED TVs
Haier 70 Inch Android UHD TV -...,4999,3099,TV,1900,Discounted,UHD TVs
Samsung 85 Inch QLED 4K TV Q70CA,14199,12399,TV,1800,Discounted,QLED TVs
Samsung 75 Inch QLED 4K TV Q70CA,10199,8929,TV,1270,Discounted,QLED TVs
Samsung 85 Inch Neo QLED 4K TV QN85CA,18599,16169,TV,2430,Discounted,QLED TVs
Samsung 85 Inch Neo QLED 8K TV QN800C,32699,28399,TV,4300,Discounted,QLED TVs
Samsung 75 Inch Neo QLED 8K TV QN800C,22699,19799,TV,2900,Discounted,QLED TVs
Samsung 75 Inch Neo QLED 4K TV QN85CA,13599,11869,TV,1730,Discounted,QLED TVs
Samsung 65 Inch Neo QLED 4K TV QN85CA,9599,8399,TV,1200,Discounted,QLED TVs
Samsung 65 Inch QLED 4K TV Q70CA,6199,5499,TV,700,Discounted,QLED TVs
Samsung 55 Inch QLED 4K TV Q70CA,4999,3699,TV,1300,Discounted,QLED TVs
Panasonic 55 Inch 4K Smart LED TV...,3499,2549,TV,950,Discounted,LED TVs
Panasonic 50 Inch 4K HDR Smart LED TV...,3099,2249,TV,850,Discounted,UHD TVs
Xiaomi 58-Inch Mi TV A2,2799,1799,TV,1000,Discounted,Other TV
Haier 85 Inch HQ LED 4K TV - H85S5UG PRO,10499,7499,TV,3000,Discounted,LED TVs
Philips 55 Inch 4K HDR Android TV...,2999,1699,TV,1300,Discounted,UHD TVs
Panasonic 40 Inch LED TV PSN-TH40L400K,1399,1019,TV,380,Discounted,LED TVs
Sharp AQUOS 65 Inch 4K Android UHD TV...,4399,2799,TV,1600,Discounted,UHD TVs
LG 43 Inch UQ75 Series 4K Smart UHD TV...,2399,1699,TV,700,Discounted,UHD TVs
Panasonic 65 Inch 4K HDR Smart LED TV...,4599,3149,TV,1450,Discounted,UHD TVs
Panasonic 43 Inch 4K HDR Smart LED TV...,2329,1649,TV,680,Discounted,UHD TVs
Panasonic 55 Inch 4K HDR Smart LED TV...,3199,2099,TV,1100,Discounted,UHD TVs
Panasonic 50 Inch 4K HDR Smart LED TV...,2829,1799,TV,1030,Discounted,UHD TVs
Skyworth 32' HD LED TV 32STD2000,999,569,TV,430,Discounted,UHD TVs
Skyworth 75 INCH 4K Google TV...,5294,3299,TV,1995,Discounted,Other TV
Skyworth 70 INCH 4K Google TV...,4632,2999,TV,1633,Discounted,Other TV
Skyworth 65 INCH 4K Google TV...,4412,2399,TV,2013,Discounted,Other TV
Skyworth 55 INCH 4K Google TV...,2941,1599,TV,1342,Discounted,Other TV
Skyworth 50 INCH 4K Google TV...,2,1499,TV,-1497,Discounted,Other TV
Skyworth 43 INCH 4K Google TV...,1912,1299,TV,613,Discounted,Other TV
Sharp AQUOS 65 Inch 4K Android UHD TV...,4799,3199,TV,1600,Discounted,UHD TVs
Haier 65 Inch Android UHD TV...,3499,2699,TV,800,Discounted,UHD TVs
Haier 55 Inch Android UHD TV...,2299,1799,TV,500,Discounted,UHD TVs
Haier 50 Inch Android UHD TV H50K66UG...,2099,1569,TV,530,Discounted,UHD TVs
Samsung 43 inch QLED The Frame TV...,4999,2999,TV,2000,Discounted,QLED TVs
Haier 65 Inch Android Series H65S6UG PRO,4199,3429,TV,770,Discounted,Other TV
Sharp AQUOS 70 Inch 4K UHD Android TV...,6499,3699,TV,2800,Discounted,UHD TVs
Hisense SMART UHD TV 43-inch...,1999,1299,TV,700,Discounted,UHD TVs
LG 60 Inch UQ80 Series  4K Smart UHD TV...,4399,2499,TV,1900,Discounted,UHD TVs
Sony 65 Inch X75K 4K Ultra HD High...,4299,3299,TV,1000,Discounted,UHD TVs
Sony 55 Inch X75K 4K Ultra HD High...,3399,2549,TV,850,Discounted,UHD TVs
Sony 75 Inch X85K 4K Ultra HD High...,9799,9099,TV,700,Discounted,UHD TVs
Sharp 50 inch AQUOS 4K UHD Android TV...,3199,1999,TV,1200,Discounted,UHD TVs
LG 65 Inch UQ80 Series  4K Smart UHD TV...,4899,2799,TV,2100,Discounted,UHD TVs
LG 50 Inch UQ80 Series  4K Smart UHD TV...,3199,1999,TV,1200,Discounted,UHD TVs
Sony 43 Inch X75K 4K Ultra HD High...,2299,2039,TV,260,Discounted,UHD TVs
Sony 50 Inch X75K 4K Ultra HD High...,2999,2399,TV,600,Discounted,UHD TVs
Sony 32-Inch Bravia W830K Smart Android...,0,6199,TV,-6199,Discounted,Other TV
Samsung 55 Inch The Frame QLED 4K LS03B,6199,4699,TV,1500,Discounted,QLED TVs
Samsung 75 Inch The Frame QLED 4K LS03B,12599,10699,TV,1900,Discounted,QLED TVs
Samsung 85 Inch The Frame QLED 4K LS03B,18199,15469,TV,2730,Discounted,QLED TVs
Philips 65 Inch 4K UHD Android TV...,3999,3199,TV,800,Discounted,UHD TVs
Philips 70 Inch 4K UHD LED Android TV...,5499,4188,TV,1311,Discounted,UHD TVs
Sharp AQUOS 50 Inch 4K UHD Android TV...,2899,1599,TV,1300,Discounted,UHD TVs
Samsung 65 inch The Frame QLED 4K Smart...,8299,6599,TV,1700,Discounted,QLED TVs
Sharp AQUOS 70 Inch 4K UHD Android TV...,6799,3999,TV,2800,Discounted,UHD TVs
Sharp AQUOS 60 Inch 4K UHD Android TV...,4099,2699,TV,1400,Discounted,UHD TVs
Skyworth 40 Inch TB2000 SERIES...,1599,1099,TV,500,Discounted,Other TV
Xiaomi 43-Inch Mi TV P1 Series,1499,1299,TV,200,Discounted,UHD TVs
Xiaomi Mi TV P1 55',0,1999,TV,-1999,Discounted,UHD TVs
Skyworth 43 Inch TV TB5000 Series...,1999,1698,TV,301,Discounted,Other TV
Sharp 42-Inch Full HD TV 2TC42BD1X,1449,949,TV,500,Discounted,UHD TVs
Sony 85-inch Bravia XR 4K Ultra HD HDR...,16999,15799,TV,1200,Discounted,UHD TVs
Sony 55-Inch BRAVIA XR X90L Full Array...,6999,6199,TV,800,Discounted,UHD TVs
Sony 75 Inch X77L 4K HDR LED Google TV...,7499,6799,TV,700,Discounted,UHD TVs
Xiaomi Mi TV A2 32',999,699,TV,300,Discounted,UHD TVs
LG UR80 65 inch HDR10 4K UHD Smart TV...,4599,3299,TV,1300,Discounted,UHD TVs
LG UR80 55 inch HDR10 4K UHD Smart TV...,3399,2599,TV,800,Discounted,UHD TVs
LG UR80 50 inch HDR10 4K UHD Smart TV...,2599,2299,TV,300,Discounted,UHD TVs
Haier 75 Inch HQ LED Google TV -...,5999,4999,TV,1000,Discounted,LED TVs
Toshiba ANDROID UHD TV-50 THB-50C350LP,2399,1699,TV,700,Discounted,UHD TVs
Toshiba ANDROID UHD TV-55 THB-55C350LP,2699,1949,TV,750,Discounted,UHD TVs
Toshiba ANDROID UHD TV-65 THB-65C350LP,3799,2699,TV,1100,Discounted,UHD TVs
Toshiba ANDROID UHD TV-75 THB-75C350LP,6499,4499,TV,2000,Discounted,UHD TVs
Toshiba ANDROID UHD TV-50 THB-50M550LP,2599,1899,TV,700,Discounted,UHD TVs
Toshiba ANDROID UHD TV-55 THB-55M550LP,3199,2199,TV,1000,Discounted,UHD TVs
Toshiba ANDROID UHD TV-65 THB-65M550LP,4399,3199,TV,1200,Discounted,UHD TVs
Sony 65” Bravia A95L 4K HDR OLED Google...,19999,18599,TV,1400,Discounted,OLED TVs
LG QNED99 86 inch 8K QNED MiniLED TV...,49999,36999,TV,13000,Discounted,QNED TVs
Samsung 65 inch Q80CA QLED 4K TV,7199,6099,TV,1100,Discounted,QLED TVs
LG 77 inch OLED evo G3 Gallery Edition...,32999,26999,TV,6000,Discounted,OLED TVs
LG 65 inch OLED evo G3 Gallery Edition...,17999,14499,TV,3500,Discounted,OLED TVs
Haier 43' Android Series H43K66UG PLUS,1699,1279,TV,420,Discounted,Other TV
Samsung 55 Inch Neo QLED 4K TV QN85CA,7299,6199,TV,1100,Discounted,QLED TVs
Samsung 65 Inch Neo QLED 8K TV QN800C,17699,14999,TV,2700,Discounted,QLED TVs
Panasonic 32 Inch LED TV PSN-TH32L400K,979,799,TV,180,Discounted,LED TVs
Samsung 43 Inch The Sero QLED 4K TV...,5999,5099,TV,900,Discounted,QLED TVs
Philips 50 Inch 4K UHD Android TV...,2199,1499,TV,700,Discounted,UHD TVs
MasterLink 30'-60' Tilt Motion TV...,189,169,Accessory,20,Discounted,TV Brackets
MasterLink 50'-80' Tilt Motion TV...,219,199,Accessory,20,Discounted,TV Brackets
Cento Bracket Wall Mount - Fixed...,282,0,Accessory,282,No Discount,TV Brackets
Cento Bracket Wall Mount - Fixed...,225,0,Accessory,225,No Discount,TV Brackets
Cento Digital TV Antenna Outdoor-Indoor...,89,0,Accessory,89,No Discount,Other Accessory
CENTO Digital Indoor TV Antenna CT-HDA5 ,59,0,Accessory,59,No Discount,Other Accessory
Cento TV Stand Bracket With Wheels...,599,549,Accessory,50,Discounted,TV Brackets
Cento Speaker Bracket Wall Mount -...,100,90,Accessory,10,Discounted,TV Brackets
MasterLink HDMI Cable 2M MSL-HD02SM,189,165,Accessory,24,Discounted,HDMI Cables
MasterLink Adjustable HDMI Cable 2M...,185,165,Accessory,20,Discounted,HDMI Cables
MasterLink 26'-43' Full Motion Mount...,360,350,Accessory,10,Discounted,TV Brackets
MasterLink 40'-55' Full Motion Mount...,299,259,Accessory,40,Discounted,TV Brackets
MasterLink 26'-43' Fixed Mount...,89,85,Accessory,4,Discounted,TV Brackets
MasterLink 26'-40' Full Motion Mount...,229,219,Accessory,10,Discounted,TV Brackets
Cento 40'-60' Full Motion Mount...,399,319,Accessory,80,Discounted,TV Brackets
Cento 40'-60' Tilt Mount CT-PLCD.PLB101B,179,165,Accessory,14,Discounted,TV Brackets
Cento 30'-46' Full Motion Mount...,259,0,Accessory,259,No Discount,TV Brackets
Cento 25'-43' Full Motion Mount...,197,193,Accessory,4,Discounted,TV Brackets
MasterLink 50'-100' Tilted Dual Arm...,599,569,Accessory,30,Discounted,Other Accessory
Masterlink 40' - 63' Basic Fixed Mount...,135,130,Accessory,5,Discounted,TV Brackets
Belkin Economy Series 4-Socket Surge...,95,79,Accessory,16,Discounted,Surge Protector
Belkin 6 Socket Surge Protector...,135,129,Accessory,6,Discounted,Surge Protector
Philips 6 way Socket 2M White...,89,87,Accessory,2,Discounted,Surge Protector
Cento Air Cond Stainless Steel Bracket...,119,99,Accessory,20,Discounted,TV Brackets
Cento Air Cond Stainless Steel Bracket...,179,155,Accessory,24,Discounted,TV Brackets
TP-Link Mini Smart Home Wi-Fi Socket...,49,0,Accessory,49,No Discount,Surge Protector
100 Value MASTERLINK Screen Cleaning...,119,99,Accessory,20,Discounted,Other Accessory
TP-Link Kasa Smart Home Wi-Fi Power...,132,129,Accessory,3,Discounted,Surge Protector
Belkin Home Series 4-Socket Surge...,145,139,Accessory,6,Discounted,Surge Protector
Belkin 2 Meters High Speed HDMI® Cable...,89,0,Accessory,89,No Discount,HDMI Cables
Belkin 1 Meters High Speed HDMI® Cable...,69,0,Accessory,69,No Discount,HDMI Cables
Belkin 5 Meters High Speed HDMI® Cable...,99,0,Accessory,99,No Discount,HDMI Cables
Belkin 2 Meters High Speed HDMI® Cable...,59,0,Accessory,59,No Discount,HDMI Cables
Belkin BOOSTUP 2-Ports USB Swivel...,146,0,Accessory,146,No Discount,Other Accessory
Belkin 1 Meters High Speed HDMI® Cable...,49,0,Accessory,49,No Discount,HDMI Cables
Smart Surge 6' with 4 USB Ports (UK)',197,0,Accessory,197,No Discount,Surge Protector
Smart Surge 4' with 2 USB Ports (UK)',159,0,Accessory,159,No Discount,Surge Protector
Belkin 4 Socket Surge Protector with...,115,89,Accessory,26,Discounted,Surge Protector
Belkin Surge Protector BKN-BSV804SA2M,205,199,Accessory,6,Discounted,Surge Protector
Belkin USB Charging 6-Outlet Surge...,185,179,Accessory,6,Discounted,Surge Protector
Belkin BSV401 4-Outlet 2-Meter Surge...,165,159,Accessory,6,Discounted,Surge Protector
Belkin 1 Outlet Surge Cube...,85,79,Accessory,6,Discounted,Surge Protector
Pensonic MYTV Broadcasting Advance...,160,0,Accessory,160,No Discount,Other Accessory
Panasonic Street Wireless Headphone...,499,0,Audio,499,No Discount,Earphones and Headphones
Panasonic Street Wireless Headphone...,499,0,Audio,499,No Discount,Earphones and Headphones
Panasonic SC-UA30 Urban Wireless Audio...,899,789,Audio,110,Discounted,Speakers
Sony 5.1ch Home Cinema Soundbar System...,1699,1499,Audio,200,Discounted,Speakers
Sony 2ch Single Sound Bar with...,529,439,Audio,90,Discounted,Speakers
Panasonic SC-UA3 High Power Audio...,1119,795,Audio,324,Discounted,Speakers
Panasonic SC-UX100 Mini Hi-Fi System,639,559,Audio,80,Discounted,Other Audio
LG Sound Bar C SC9S Perfect Matching...,4599,3999,Audio,600,Discounted,Speakers
Sony HT-S2000 3.1ch Dolby Atmos...,2199,2049,Audio,150,Discounted,Soundbars
Samsung Q Series Soundbar HWQ990C,6499,4169,Audio,2330,Discounted,Speakers
Samsung Q Series Soundbar HWQ700C,2999,2059,Audio,940,Discounted,Speakers
Samsung B Series Soundbar HWC450,799,749,Audio,50,Discounted,Speakers
Samsung Q Series Soundbar HWQ600C,2599,1699,Audio,900,Discounted,Speakers
Samsung Q Series Soundbar HWQ800C,3999,2599,Audio,1400,Discounted,Speakers
Sony 5.1.2ch Dolby Atmos® - HT-A5000,4299,3699,Audio,600,Discounted,Soundbars
Sony 3.1ch Soundbar HT-A3000,2799,2389,Audio,410,Discounted,Speakers
LG 420W Soundbar LG-SP8A,2199,1959,Audio,240,Discounted,Speakers
Sony 2.1ch Soundbar with powerful...,1099,999,Audio,100,Discounted,Speakers
Sharp 2.1ch Soundbar with Wireless...,899,649,Audio,250,Discounted,Speakers
LG S65Q 420W 3.1ch High Res Audio Sound...,1599,1299,Audio,300,Discounted,Speakers
LG S80QY 480W 3.1.3ch High Res Audio...,3099,2699,Audio,400,Discounted,Speakers
LG S95QR 810W 9.1.5ch High Res Audio...,4599,3899,Audio,700,Discounted,Speakers
Samsung HW-S800B Lifestyle Soundbar...,2999,2399,Audio,600,Discounted,Speakers
Sony 200W Additional Wireless Subwoofer...,1399,1049,Audio,350,Discounted,Other Audio
Sony 300W Additional Wireless Subwoofer...,2799,2699,Audio,100,Discounted,Other Audio
Samsung HW-B550 Soundbar (2022),1199,969,Audio,230,Discounted,Speakers
Samsung HW-B650 Soundbar (2022),1499,1299,Audio,200,Discounted,Speakers
Sony 5.1ch Home Cinema with Wireless...,1499,1388,Audio,111,Discounted,Soundbars
Sony V13 High Power Audio System with...,929,849,Audio,80,Discounted,Speakers
Haier Sound Bar HSD3A040B,599,319,Audio,280,Discounted,Speakers
MSI Gaming Headset Immerse GH61,529,0,Audio,529,No Discount,Earphones and Headphones
Sony 360 Spatial Sound Mapping Dolby...,7299,6499,Audio,800,Discounted,Speakers
Sony 7.1.2ch Dolby Atmos®/ DTS:X®...,5999,5099,Audio,900,Discounted,Soundbars
Panasonic Slim Soundbar with Powerful...,889,859,Audio,30,Discounted,Speakers
Riversong Qube Twins Wireless Speaker,149,0,Audio,149,No Discount,Speakers
Sony X-Series Portable Wireless Speaker...,2299,2129,Audio,170,Discounted,Speakers
Sony X-Series Portable Wireless Speaker...,1699,1549,Audio,150,Discounted,Speakers
LG Sound Bar SN4,1199,719,Audio,480,Discounted,Speakers
Riversong Melody T+ (Type-C),54,0,Audio,54,No Discount,Earphones and Headphones
Sony 3.1ch Dolby Atmos® DTS:X™ Soundbar...,2299,1949,Audio,350,Discounted,Speakers
Sony 43D High Power Audio System with...,1699,1499,Audio,200,Discounted,Speakers
Sony V73D High Power Audio System with...,2299,2099,Audio,200,Discounted,Speakers
LG SNH5 600W 4.1ch Sound Bar with DTS...,1499,999,Audio,500,Discounted,Speakers
Samsung Soundbar 150W 2.1Ch T420...,649,496,Audio,153,Discounted,Speakers
HUAWEI FreeLace Amber Sunrise,299,0,Audio,299,No Discount,Other Audio
Sony HT-X8500 Bluetooth Single Sound...,1599,1499,Audio,100,Discounted,Speakers
Panasonic Wireless Subwoofer Soundbar -...,1679,1550,Audio,129,Discounted,Speakers
Sony Walkman with Built-in USB (Gold)...,179,169,Audio,10,Discounted,Other Audio
Sony Walkman Player Waterproof (Lime...,399,379,Audio,20,Discounted,Other Audio
Sony Headphones ZX110 (Pink),59,50,Audio,9,Discounted,Earphones and Headphones
Panasonic Stereo Headphones...,130,79,Audio,51,Discounted,Speakers
Sony ZX Series Stereo Headphone With...,94,80,Audio,14,Discounted,Speakers
Sony ZX Series Stereo Headphone With...,94,80,Audio,14,Discounted,Speakers
Sony ZX Series Stereo Headphone No Mic...,59,50,Audio,9,Discounted,Speakers
Sony ZX Series Stereo Headphone No Mic...,59,50,Audio,9,Discounted,Speakers
Sony Extra Bass On-Ear Headphones...,229,195,Audio,34,Discounted,Earphones and Headphones
Sony Extra Bass On-Ear Headphones (Red)...,229,195,Audio,34,Discounted,Earphones and Headphones
Sony Extra Bass On-Ear Headphones...,229,195,Audio,34,Discounted,Earphones and Headphones
Sony Extra Bass On-Ear Headphones...,229,195,Audio,34,Discounted,Earphones and Headphones
Sony Extra Bass On-Ear Headphones...,229,195,Audio,34,Discounted,Earphones and Headphones
Sony In-Ear Headphones (Violet) -...,39,38,Audio,1,Discounted,Earphones and Headphones
Sony In-Ear Headphones (Pink) -...,39,38,Audio,1,Discounted,Earphones and Headphones
Sony In-Ear Headphones (White) -...,39,38,Audio,1,Discounted,Earphones and Headphones
Panasonic Stereo Headphones...,130,59,Audio,71,Discounted,Speakers
Sony 4GB Sports Wearable MP3 Player...,399,379,Audio,20,Discounted,Other Audio
Sony Walkman with Built-in USB (Blue)...,179,169,Audio,10,Discounted,Other Audio
EarPods with 3.5 mm Headphone Plug,99,0,Audio,99,No Discount,Earphones and Headphones
MSI Gaming Headset Immerse GH20,189,0,Audio,189,No Discount,Earphones and Headphones
Logitech Z213 Compact 2.1 Speaker System,135,0,Audio,135,No Discount,Speakers
 Logitech Z120 Compact Stereo USB...,39,0,Audio,39,No Discount,Speakers
AirPods Max,0,0,Audio,0,No Discount,Earphones and Headphones
Sony PULSE 3D Wireless Headset ,469,0,Audio,469,No Discount,Earphones and Headphones
Apple EarPods with Lightning Connector,99,0,Audio,99,No Discount,Earphones and Headphones
CUBE PS4 Dock - Dual Controller...,121,0,Console Gaming,121,No Discount,Play Station
SONY PlayStation 5 Disc Version,2499,0,Console Gaming,2499,No Discount,Play Station
Sony DUALSHOCK 4 (Black) Wireless...,220,0,Console Gaming,220,No Discount,Controller
ASUS ROG Ally RC71L (2023) (AMD Ryzen™...,3299,0,Console Gaming,3299,No Discount,Ally Console
MSI Force GC20 V2 Controller,195,0,Console Gaming,195,No Discount,Controller
MSI Force GC30 V2 Wireless Controller,259,0,Console Gaming,259,No Discount,Controller
Sony DualSense Wireless Controller,349,0,Console Gaming,349,No Discount,Controller
Sony PlayStation 4 Mega Pack,1349,0,Console Gaming,1349,No Discount,Play Station
SONY PlayStation 4 Pro God of War™ &...,1799,0,Console Gaming,1799,No Discount,Play Station
Sony DualSense Wireless Controller...,399,0,Console Gaming,399,No Discount,Controller
Sony PlayStation®5 Console Marvels...,2969,0,Console Gaming,2969,No Discount,Play Station
